影片 ID,Song Title,Album Title,Artist Name 1,Artist Name 2,Artist Name 3,Artist Name 4,Artist Name 5
ypD4PN626zI,4T Recordings,Sixteen Oceans,Four Tet,,,,
4zaRsNzKzcQ,4U,4U,万妮达,,,,
T-wrtBHG94c,852 Hz (Truth & Self-Awareness),Solfeggio Frequencies (Healing Tibetan Singing Bowls with Ambient Sounds of Nature),Subtle Mind Expansion,Kev Thompson,,,
s82EUdc2Des,人生模版,隐藏菜单,和平饭店,,,,
_zOeI7yj-oI,口是心非,如燕盤旋而來的思念 張雨生全創作精選典藏 1966-1997,張雨生,,,,
GpH4rRAEqYI,五元素净化咒 (念咒式纯音乐),平静心,周毛嘉,,,,
8CDk2baChyg,心静自然凉,我用什么把你留住,福禄寿,,,,
PCS3GZpitbA,月光下,月光,蛋堡,,,,
batbW2Ik8tU,兰若度母,我用什么把你留住,福禄寿,,,,
P4XuwuoIEDM,平衡,平衡,和平饭店,,,,
CVobcKf9nns,玉珍,我用什么把你留住,福禄寿,,,,
9OOm-zODOTU,在你走后,在你走后,Schoolgirl Byebye,Haysen郑景曦,,,
gPpuEYtAtm8,在时间的答案里,隐藏菜单,和平饭店,,,,
bG5KAtG_OQU,尾巴,平衡,和平饭店,,,,
WVXD3_nb0Yk,我想和你瞎 ft. 馬念先,水哥 2020,李英宏 aka DJ Didilong,,,,
fWfUhUvnpsE,沈澱,暗流,deca joins,,,,
W57Lm88NFZM,没咯,我用什么把你留住,福禄寿,,,,
RDJETsQwPZo,夜上海,金片子 2 魂縈舊夢 (Golden Voice 2),蔡琴 (Tsai Chin),,,,
90VBTdFzM2U,怪梦,怪梦,AM444,,,,
8PKBd6Y9oWI,雨中一只傻傻鸟,一年后,Schoolgirl Byebye,,,,
LUoYCsKsiI4,流星小夜曲,鴉片玫瑰,陳昇,,,,
HFuZ33kKFlw,看不見？,閉上眼睛,Hello Nico,,,,
vq2jzaSESLk,若是明仔載,自本,曹雅雯,?te 壞特,,,
5gLZnEDdHFE,夏夜晚風,夏夜晚風,Layton Wu,,,,
w_jtUvdBjFo,浪費時間 Waste Of Time,平庸之上 Beyond Mediocrity,9m88,,,,
3kYy-6a6MSY,浴室 (2019 Reprise),浴室 (2019 Reprise),deca joins,,,,
TQgFmA1Nnu4,真愛A感覺,魔鬼A春天,陳昇,,,,
NxcbxxU6saE,般若心経 (cho ver.) [2020 mix],般若心経 (Remixed) -Japanese Zen Music vol.1-,Kanho Yakushiji,,,,
JVRAdxbJFAs,般若波羅密多心經,懺悔心,黃慧音,,,,
dV8oS79hUbY,迷航,迷航,发光曲线,,,,
0rWpu415JlI,酒鬼,水哥 2020,李英宏 aka DJ Didilong,,,,
TF6yI5vUy9E,深夜， you were on my mind,9522,安溥,,,,
S5jlY6o093g,清,清,莉莉周她說 Lily Chou-Chou Lied,,,,
YQ5kW3o8Y0I,离骚 (李凤云传承),七弦·依脉,孔子文,,,,
DLX1F-_DIj0,陪你去流浪,塵,薛之謙,,,,
kC4mWbhiX_A,曾經我也想過一了百了,溫一壺青春下酒,流氓阿德,,,,
VZH8yOSi5_k,愛是,軟弱,Schoolgirl byebye,,,,
5Uu2offdztM,煎蛋,SOLO,Vinida,Dough-Boy,,,
iQpwEd-HSBQ,誰愛誰,骨子裡 (Innermost),Dizzy Dizzo,E.so,,,
9jJa5GKFfvE,黎明前出发,隐藏菜单,和平饭店,,,,
kZ3CUTnbCYA,讓我住進你心裡,Spring Spring,溫蒂漫步,,,,
hFJ_7_55tjQ,A Celtic Lore,Requiem,Adrian von Ziegler,,,,
CXge-r1uq4s,A Coin in Nine Hands,Sirens,Nicolas Jaar,,,,
zrVUJWKbSb4,A Dusty Place in the Head,Dopamine,Warmth,,,,
grx8xMyFO1k,A Place,All Melody,Nils Frahm,,,,
ZsIRi9sBx6I,A.O.E,Monument,Portico Quartet,,,,
p_zjqOre_fA,Adi Shakti - Bhakti Mantra,Shuniya: Healing Chants,Ajeet,,,,
h-XSA405U90,Agradezco,Templo de Amor,Xuqutopi,LovLenka,,,
xbJwhGpGdwk,Aguas Claras,Camino de Flores,El Búho,,,,
4r7GtSwuqrQ,Ahuahueya,Ahuahueya,Herbert Quinteros,,,,
-3xzAWsX3ok,AI敢會愛?,AI敢會愛?,Robot Swing,陳以恆,洪佩瑜,,
WnyIGRzN8HI,Ainda Lembro,DuBrazilis - Vol. 1,DuBrazilis,Nêgamanda,,,
aYW80yUekqk,Akasha Journey Mix,Kuya Sessions: Akasha,Poranguí,Liquid Bloom,,,
sICmV8-ffH4,Alaca Sunrise,Alaca Sunrise,Beautiful Momento,,,,
aNtZ_moUr7I,Ale (Acoustic),Ale,Alex Serra,Primavera Salvá,,,
Nr8DeYgWp4Y,Alegría (Nicola Cruz Remix),Bienaventuranza (Remixes),Chancha Vía Circuito,,,,
Hp2TUMVKXrA,All My Life is a Ceremony (Mose Remix),All My Life is a Ceremony (Mose Remix),Mose,Doe Paoro,,,
OwF-W2wcIoA,All Of Our Yesterdays,Here Comes The Cowboy,Mac DeMarco,,,,
yO8bFdtLd5c,Alquimia,Alquimia,Monblume,,,,
dUSh94WnlsU,Amoriri,KWO,Ape Chimba,Ebyän,,,
oxQlD9Yxxdo,Ancestors (Shamans Dream & Poranguí Remix),Ayahuasca Remixed,Poranguí,,,,
HLrqNhgdiC0,Angel,Mezzanine,Massive Attack,Horace Andy,,,
w3X3RAgSeXg,Anthurie,Feuerfalter Part 02,Boris Brejcha,,,,
kbS07PcnZzo,Are You Still Hurt,Sekundenschlaf,тпсб,,,,
I_to1eS8gtY,Arrival Of The Elves,Adventures in Synaptic Exploration,Byron Metcalf,,,,
W26NO6-sZzA,As Clouds Dance,Inner Rhythm Meditations: Music for Expansive Awareness and Inspired Movement,Byron Metcalf,,,,
HCHYDZlZFuo,At Les (Versus Beatless Versions),Versus Beatless Versions,Carl Craig,Francesco Tristano,François-Xavier Roth,Les Siècles,
Y3hACoprFOo,Available,Available,Patoranking,,,,
cBw9dNzDBfU,Aventine,Aventine,Agnes Obel,,,,
nLXKungkwFc,Awaken Me,7th Seed,万妮达,,,,
iDQk6LY_ef8,Baba City (Rkadash Version),Baba City (Remixes),Rey&Kjavik,,,,
eSqA5WXez2I,Bansuri Meditation,Bansuri Meditation,Buddha's Lounge,,,,
2RNMTmnnQ8c,Barú (El Búho Remix),Bienaventuranza (Remixes),Chancha Vía Circuito,,,,
nNsbMNaIxwM,Be Kind,Persona,Rival Consoles,,,,
fl9mfp25sb4,Beat Cari,Beat Cari,Cero39,,,,
aYYu1lO97SI,Beautiful Burnout,Oblivion With Bells,Underworld,,,,
rCfvCLpMHrc,Beautiful Order,隐藏菜单,和平饭店,,,,
FthxiJ73chY,Beirut,Diagnostic (Version remasterisée),Ibrahim Maalouf,,,,
haeov9TFHc8,Beirut,Young Alaska,Christian Löffler,,,,
k12xWwdBums,Bise,Everlust (Compiled by Seel),Seel,PERE,,,
50QkaRiUJvU,Black Sands,Black Sands,Bonobo,,,,
YLjNcShCHX8,Blue (The Blaze Remix),Blue - The Blaze Remix,Fjord,,,,
d370CKlg-wk,Blue Ridge Mountains,Fleet Foxes,Fleet Foxes,,,,
6xZWW8ZQvVs,僕が死のうと思ったのは - Boku Ga Shinou To Omottanowa,Tough,中岛美嘉,,,,
SIBRmK74Tzk,Boogie Wonderland,Club Columbia,"Earth, Wind & Fire",,,,
9axDWI2fIgs,Border Country,DRIFT Episode 4 “SPACE”,Underworld,Ø [Phase],,,
4JYC7p2wig4,bugbite,comfortable silence,tomcbumpz,,,,
wy1TyL7pI5w,Bump,Tonight EP,Latmun,,,,
0vSmkb_8Zzk,Burundi Dreams,Adventures in Synaptic Exploration,Byron Metcalf,,,,
MBqXa7TtbGQ,Bye Bye Macadam,Tohu Bohu,Rone,,,,
bTvPpX5B0As,Cacao,Cacao,Bóveda Celeste,Arnaldo & Andressa,,,
Nar5x4QDpKw,Calido,Calido,Rey&Kjavik,,,,
ADizF5VGyR0,Calling the plants (Hovering the realms),Hovering the realms,The White Arrow,,,,
Xa19EK2K9iY,Can Cabestany,Imminent Awakening,Lab's Cloud,,,,
ZXnYLlNCkGE,Capuchino Pecho Blanco,A Guide to the Birdsong of South America,Barrio Lindo,,,,
GJsISGNJ7n8,Chable,Chable,Robert Haig Coxon,,,,
LhwLDX9Ak80,Chandni,Mountiri,Rey&Kjavik,,,,
W911mOmu-Xg,Chandni,Mountiri,Rey&Kjavik,,,,
2A_EPgc0l-Y,Change,Dragon New Warm Mountain I Believe in You,Big Thief,,,,
uJNN3-TW9o4,Chasing the Drum - A COLORS SHOW,Chasing the Drum - A COLORS SHOW,Yussef Dayes,,,,
Z-rIvIX1Ddk,Chateau (Holmsey Remix),Chateau (Holmsey Remix),Angus & Julia Stone,,,,
hSJKUpSNf8I,Cielo,Salvaje,Sotomayor,,,,
EAFE-_-rc88,Claire de Lune,Down To Earth,Flight Facilities,Christine Hoberg,,,
hQx6zIUUSfM,寒雨曲,痴痴的等,蔡琴,,,,
vomZVMh65d8,Collider,Immunity,Jon Hopkins,,,,
Ft8lBPRqU6o,Comatose,lowhum,Low Hum,,,,
L2Xf7WNSjbI,Corazón Abierto,Suburban Gypsy: The Becoming,Poranguí,,,,
boW3DeqgJP4,Cuatro Direcciones,Ima Adama,Ayla Schafer,,,,
fF7VPXDJp4k,Cumbia Sobre El Mar,The Power of the Latin Music,Quantic,Flowering Inferno,,,
IbWPLPn9eAc,Custard Speedtalk,"DRIFT Episode 3 ""HEART""",Underworld,,,,
iGbrtvn-JDo,Dance of Maria,Mosaic of the Orient,Elias Rahbani,,,,
HiKWBM4JSOw,Dance of the Seven Sisters,The Jasmani Garden,Deya Dova,,,,
qohjNTMX5zc,Dark Show,Dark Show,AM444,,,,
DpUTe_pZiW0,Dawn Patrol,Isla,Portico Quartet,,,,
tcb4HaT3C1w,Daydream,Dreamlife,Carly Comando,,,,
J8PdCvnpjDs,Deep Visualization,"# Forest (Unique Relaxing Nature Music, Sleep, Relaxation & Meditation)",Close to Nature Music Ensemble,,,,
uOuIgTSyVIk,Devi Prayer,108 Sacred Names of Mother Divine,Craig Pruess & Ananda,,,,
mkRRvpi0-YI,Diladilan,Mountiri,Rey&Kjavik,,,,
V9IcWwqkN58,Distant Sheltered Meditation Part II,Bag of Mysteries,Panda On The Bamboo Tree,,,,
T0o2r89K4Sk,DJ Lover,Welcome EP,Rossi.,,,,
29wsP4VAGoI,Djiin,Sahalé's Finest,Sahalé,,,,
T3f8UJlwf2o,Don't Call My Name,Life & Love,Skinshape,,,,
wb9rPoaGMr4,Don't Fool Me,Don't Fool Me,AM444,Jay.Soul,YEHAIYAHAN,,
R01wU2dMXfc,Don't Fool Me (Acapella Version),Don't Fool Me,AM444,YEHAIYAHAN,,,
RaHk7raDHVQ,Don't Fool Me (Instrumental Version),Don't Fool Me,AM444,Jay.Soul,,,
6rdCxMOkqJI,Dragonfly Realm,Icaro,Maneesh de Moor,,,,
Qm4Y6oquXa4,Dream Prayer (Live),Light Healing (Live Sessions),Chantress Seba,,,,
YwAfi7kU8qA,Dream Structures,IC 1848,Rikaar,,,,
AQ0-q32fxLc,Dropdown Rainbow/All Gummed Up [Gilligan Moss Mix],BMO's Mixtape (Gilligan Moss Mix) (From the Max Original Adventure Time: Distant Lands),Adventure Time,Jeremy Shada,,,
mv7kVEZVRUM,Dub Shivaya,The Rise of Downtempo,Dub Sutra,,,,
7XI4B2ckhog,E.T.,Teenage Dream: The Complete Confection,Katy Perry,Kanye West,,,
f0nyYQk154o,"Earth, Wind, Water",Osmosis,Yatao,Alexander Mercks,,,
b058yYqbb_A,Einaudi: The Path Of The Fossils (Day 1),Seven Days Walking (Day 1),Ludovico Einaudi,Federico Mecozzi,Redi Hasa,,
2xg20wiZG84,El Cant Dels Ocells,El Cant Dels Ocells,Cee ElAssaad,Mario Bianco,,,
CxzHeY-GtDw,El Origen,El Origen,Rodrigo Gallardo,,,,
os92XLJEP-A,Elements,CODES,Activation,,,,
4HGIDcC9xQQ,Enough to Believe (Eagles & Butterflies Remix),Enough to Believe (Remixes),Bob Moses,,,,
mlIMIJIcpn8,Esperanza,Esperanza,Hermanos Gutiérrez,,,,
S91KQ8EQsgE,Eternal Horizons,Kuya Sessions: Akasha,Poranguí,Liquid Bloom,,,
fV9VJJSIgVs,Ewigkeitssekunde E.V.,Inner Landscapes,Softwaver,,,,
zTqdBX5FChw,Exactly as It Is,Temple at Midnight,Miten,,,,
NSN2HezBgiQ,Fade In Nylon,Fade in Nylon,A Beacon School,,,,
_fGUh-gMn3o,Falling Deeper,Ineffababblin',Infinati,,,,
5F_QDg3Q8gs,放了那个作品,AMIT2,AMIT,,,,
rUiFfO5cdgQ,Feel It,Profound Mysteries III,Röyksopp,Maurissa Rose,,,
cT_Q-psbmtY,Feel Your Weight (Poolside Remix),Blood Remixed,Rhye,,,,
M9dUM7gyETk,Fire Gathering (ReGen AtYyA Remix),ReGen: AtYyA Remixes,Liquid Bloom,,,,
zkK-4AW0tAQ,Flores No Mar,Flores No Mar,Populous,Emmanuelle,,,
QkutVj0X1HM,Flying,Flying,Rey&Kjavik,Et Les Amis,,,
_T7qTWBZHJE,Folha de Jurema (Xique-Xique’s Dragonfruit Mix),Folha de Jurema,尼科拉·克鲁兹,Salvador Araguaya,Spaniol,Artéria FM,
dmMppeS_wkc,Footsteps In The Stars,Symbiotic,Deya Dova,,,,
vYD8jHEmiPU,Force,Earth Trilogy - Two,YAIMA,,,,
tpTnKi7cPG4,Friday - 清水翔太 LIVE TOUR 2018“WHITE” - Friday - SHIMIZU SHOTA LIVE TOUR 2018 WHITE,SHIMIZU SHOTA LIVE TOUR 2018 WHITE,清水翔太,,,,
uWCt-uEJbYA,Friend (Lover),Yore,Evenings,,,,
bCVuKPkcpMM,Fugu Kiss,Tohu Bohu,Rone,,,,
fMoupCGttF4,Full Moon Chant,Sisters of the Moon,Heather Houston,,,,
GbUwS10eAGU,Gajumaru,"Klassik Lounge Nightflight, Vol. 8 (Compiled by DJ Nartak)",Yaima,,,,
qTse2hkPxYU,Gajumaru,Pellucidity,YAIMA,,,,
WhPnKDWpA8c,Ganesh Mahamantra - Recitation In Morning,Ganapati,Various Artist,,,,
REkfJwqD9PM,Ganesha (Live),Poranguí (Live),Poranguí,,,,
" -O6dMNizy40",German Clap,Monkeytown,Modeselektor,,,,
oIYFCYKvBHg,Give Me The Room,DRIFT Episode 5 “GAME”,Underworld,Ø [Phase],,,
DEh1VRDPXNY,GLI-F4,Ostriconi,Yeahman,,,,
r3Ur9jQUhlg,GLI-F4,Ostriconi,Yeahman,,,,
QEqj8UUbaYI,Grace,Dreamtime,Christian Amín Vàrkonyi,Sylvia Kirchherr,,,
6uyCRaV0ui4,Grandmother (I Am the Earth),Grandmother (I Am the Earth),Ayla Schafer,,,,
GGMk-f8aB-g,Grandmother Tree & The Feathered Serpent,Symbiotic,Deya Dova,,,,
LKm6gUTDJhA,Great Spirit,Native American Healing Flute,Mandharu,,,,
f3OeXE8oJlM,Green Tara Mantra,Songs Of Tara,His Holiness The Dalai Lama,,,,
LKSgoKYnPJQ,Grey Light (Christian Löffler Remix),Grey Light (Christian Löffler Remix),Christian Löffler,Francesco Tristano,,,
Vn-grKbi3QU,Guajaca,Amansara,Chancha Via Circuito,,,,
rKGiB6tl-w8,Hadoway,Canta Medicina,Maneesh de Moor,,,,
mTx8lH5k8hQ,Hagia Sophia,Seraphim,Irfan,,,,
543ttjTN0JY,Hand Pan for Peace,Hand Pan for Peace,Alexandre Lora,,,,
P6-77a9pGXs,Hare Sharanam,Rkadash,Rey&Kjavik,Amu Ahava,,,
d4MUPdpC-84,Hare Sharanam,Rkadash,Rey&Kjavik,Amu Ahava,,,
MX9R8YSYro8,Haseya,Haseya,Peia,Ajeet,,,
3c_E09gib-Y,Hasty Boom Alert,Lunatic Harness,U-Ziq,,,,
Zb1w7IF5oAE,Heart of the Mother,Kuya Sessions: Akasha,Poranguí,Liquid Bloom,,,
BqqbnkK_U7o,Heart Warriors,A Warning From the Elders,Byron Metcalf,,,,
jDjva_AvQOI,Hip Hop Sleep Relax Chill (HipHop Instrumental),Lo Fi Concentration Lullaby Music For Study & Work (HipHop Focus Beats),Sad Music,Lo Fi Hip Hop,Lofi Sleep Chill & Study,,
xUF8GYB5Qzc,Hoe Piya (Berlin Edit),Hoe Piya,Whoja Vu,,,,
pvC5YD-IjL0,Holocene,"Bon Iver, Bon Iver",Bon Iver,,,,
TeX31vBZU8M,Hologramas,Shika Shika: 5 Years,Federico Estévez,,,,
kZtL8bFZd-Q,Hope,LNLNN,Gidge,,,,
ist5OQ9CA4w,Howling Around My Happy Home,Buck,Daniel Norgren,,,,
NXEOhUnVe8w,HoydeA,夜長夢少,傻子與白痴,,,,
MtlyOYcOwvc,Hypno Seq (Extended Mix),Hypno Seq EP,Martin Roth,,,,
pNDFAdBGdBg,I Am Loving Awareness,Ram Dass,East Forest,Ram Dass,Krishna Das,,
6j7smkc8UUY,I Love You More,Classic Masters,René & Angela,,,,
6HdIEfWC0xA,I Release Control,Living Waters,Alexa Sunshine Rose,,,,
Fg63CDzV3KQ,I'll Take You There,The Trinity,Sean Paul,,,,
0ySSL-NnwzU,I'M STILL HERE,I'M STILL HERE,HAWAI,,,,
ud65SUwZ__w,If I Had a Heart,If I Had a Heart,Tal Barr,,,,
JBi8f7EHgFM,Im Glück,NEU!,NEU!,,,,
nVSFckCSSL4,Imagine,Imagine,Tommy Emmanuel,,,,
V6akbsk39gI,Imon,Not Your Wet Dream,我是機車少女,,,,
oE3KxSh8jKg,in disguise,GOOD LISTENER,tomcbumpz,,,,
Zl37qnTxbzk,Inner Sanctum (Medicine Buddha Mantra Prayer),Inner Sanctum (Medicine Buddha Mantra Prayer),Liquid Bloom,Poranguí,David Satori,,
6IA0FXo0p-s,Intro,Ghetto Kumbé,Ghetto Kumbé,,,,
jt_VGyd9VzU,Intro,我用什么把你留住,福禄寿,,,,
SCx3_c0CYIs,Iris,Iris,Infinati,Dubdelay,,,
bzPFo6JZ00A,It Seemed the Better Way,You Want It Darker,Leonard Cohen,,,,
7PYSe2ugvWs,Jai,Breathing Space,Sacred Earth,,,,
hOMJznTKpsw,Jan Mayen,4,Boozoo Bajou,,,,
iVpSIi_e36s,Janjara,Shaman Drums,James Asher,,,,
zqayYX_zrz8,Jar Of Love,Jar Of Love,椰子水很甜,,,,
E7ifr-aIEiI,Jaula,Fire Hell and Holy Water,Giolì & Assia,,,,
Rq4_GZAYcOI,Joeira,Joeira,Kurup,João Pedreira,,,
joEbyOw00xY,Juliana,Highlights of Bachata Heightz,Bachata Heightz,,,,
POttS2fhwBU,June Park,Warm Waters,madrid,,,,
mXPNKywHrcY,Kahaniyaan,Kahaniyaan,Subhi,kanishk Seth,,,
RPM-NbDuHlM,Kalkutta,Urmel / Kalkutta,okuma,,,,
oObAy19lArQ,Karma,Karma,Beyhude,,,,
lbq9N7J0ONY,Kenangoni,Indómita,Rodrigo Gallardo,ARKADYAN,,,
uNiKpaXKL1c,Kisti To feat. Niloufar,Kisti To,Majnoon,Niloufar,,,
NLnOWnf4bv4,Kiyomizu-Dera,When the World Was One (Special Edition),Matthew Halsall,The Gondwana Orchestra,,,
VZZjSb393L4,Krigsgaldr,Lifa,Heilung,,,,
3A26iLOr598,Kurukulle,Buddha Within Yourself,Lama Tenzin Sangpo,Margot Reisinger,,,
M-9VfUef0cM,Kurukulle Buddha Mantra,Mantras in Tibetan,Imee Ooi,,,,
wPI_31upbGw,La Carnada,Human Nature,Narcisse (Mex),,,,
fAxbNIMQ8kg,La Ecstase,La Ecstase,Marie Davidson,Lamusa II,,,
bP3wD3HTnAo,Lady,Kill For Love,Chromatics,,,,
RJ-_tY3JgUs,Lawmaker,Spiral,DARKSIDE,,,,
CTCsOyWc-Gs,Layers of Holding,Rhythms of Remembering,Byron Metcalf,,,,
OZYUxOT-FnI,Le Petit Prince,Sahalé’s Finest,Sahalé,,,,
M3h8zd-tf5s,Legend,Legend,Otyken,,,,
PH7w_BEBTHg,Les Ours,La Panthère Des Neiges (Original Soundtrack),Nick Cave,Warren Ellis,,,
7Gj75xv0Fso,Light of My Soul,Darshan,Ajeet,,,,
ovxVPBQ0bb8,Listen,Est 1999,Lost Girl,,,,
ETEg-SB01QY,Little Dark Age,Little Dark Age,MGMT,,,,
K0sFdRhAkKk,Little Nerves (Video Version),Little Nerves (Video Version),Binkbeats,Niels Broos,,,
8FtYCEc6Xog,Lobbo,Ali,Vieux Farka Touré,Khruangbin,,,
OI4EizzbOxc,Locura,Locura,Johnny Ska,,,,
8eqBSlAShyg,Los Navegantes,Sonido Cósmico,Hermanos Gutiérrez,,,,
BCi5IApm0RY,Lost In Venus,Untold / Unknown,Oceanvs Orientalis,,,,
gwRLc9rVxd0,Love,The Hills Chronicles,KAZAKY,,,,
WpeprZgpXhc,Lui Hall (Live),Lui Hall / Il Bamboche Empereurs (Live),The Dale Cooper Quartet,,,,
Hd-4XWbs_Z0,Luminous Axiom,Luminous Axiom,Desert Dwellers,,,,
DjHDcDU1MBw,Mad About You (Live at Koningin Elisabethzaal 2012),With Orchestra Live,Hooverphonic,,,,
Qyx4tiQ8Oqo,Madre de la Sierra (Rodrigo Gallardo Remix),Madre de la Sierra (Rodrigo Gallardo Remix),Poranguí,,,,
eMVm32Rj5j0,Mãe d'Água,Handpan Brasileiro,Alexandre Lora,,,,
VCLnwqUOrcQ,Mantra of Blessing (Purification),Tibetan Master Chants,Lama Tashi,,,,
8pPe18cbSAA,Many Moons (Mose & Binder Remix),Many Moons (Mose & Binder Remix),Mose,Binder,Bachan Kaur,,
QDhDsf3bSJI,Manyara,Ella / Manyara,Jesse Kendal,,,,
ebOGrra7UNk,Masuk,Mountiri,Rey&Kjavik,,,,
wkL4xbhpe9g,Medicine Buda Long Mantra,Tibetan Healing Mantras,Drukmo Gyal,,,,
ggPf3aOFJFk,Medicine Buddha,Medicine Buddha,Maneesh de Moor,,,,
0nikKs3NHNo,Meditation Forest,Meditation Forest,Iftekharul Anam,,,,
vHH9wTGb08I,Mercedes,Mercedes,Semi Tee,Focalistic,,,
ZLgLzqq4ySY,Mercury,Planetarium,Sufjan Stevens,Bryce Dessner,Nico Muhly,James McAlister,
DiYfoQJ6sl0,Mojave,Mojave,Kalaha Moon,,,,
FP8YL14YOe4,Molten Landscapes,Chromos,Max Cooper,,,,
CvlXhKZX8IM,Momotaro,Watashi Wo Onigashima Ni Tsuretette,WEDNESDAY CAMPANELLA,,,,
loxACEBahMM,Monalisa,LV N ATTN,Lojay,Sarz,,,
" -cKV2LExvlc",Moon Theory,Illumination,Miami Horror,,,,
h3AO4B8_s3o,More,Felt,Nils Frahm,,,,
hzlmEBXg6yA,Mother Earth,ORBservation,Pyjamars,,,,
WYTAyoM2ztw,Mother's Heartbeat,Sama,Maneesh de Moor,,,,
whvlnsGOqeI,Mountain Meditation (Live),Light Healing (Live Sessions),Chantress Seba,,,,
HGHuD0yYn9Q,Mud,Cenizas,Nicolas Jaar,,,,
gvFVKWzJQJA,Nahimana,Nahimana,Rey&Kjavik,,,,
H6jvt3qDDMI,naïve,lately I feel EVERYTHING,WILLOW,,,,
J_luAWnh5SU,Namaste,Namaste,德瓦·普雷马尔,Miten,Manose,,
545q8k07nTw,Natives of the Windy Forest,ARDIPITHECUS,WILLOW,,,,
zOWphZMD8OE,Night Walk,Night Walk,Uppermost,,,,
tBH7HW0kWX8,Nightbook (Reimagined by Mercan Dede),Velvet Road,Ludovico Einaudi,,,,
H6l1BQd-4pw,Nineteen,Nineteen,Rob Araujo,,,,
Epp7iWJ4gbU,No Control,<COPINGMECHANISM>,WILLOW,,,,
ymIQkFI7oBY,Non saremo che noi stessi ancora,Non saremo che noi stessi ancora,Teho Teardo,,,,
pvcb1mkihho,"Not Fade Away / Goin' down the Road Feeling Bad (Live at Manhattan Center, New York, NY, April 5, 1971)",Grateful Dead (Skull & Roses) (Live),Grateful Dead,,,,
w-GgRDneiQQ,Not What It Seems,Dark Show,AM444,,,,
pwSQhj4s8gE,O virtus sapientiae (Arr. for Cello & Orchestra by Julian Riem),O virtus sapientiae (Arr. for Cello & Orchestra by Julian Riem),Raphaela Gromes,Festival Strings Lucerne,Daniel Dodds,,
JDhXxL0ypaE,Offset,Memory Streams,Portico Quartet,,,,
uORpbLyf2Os,Öli Öli,Shades of Budabeats (10 Years),Bete,,,,
QkW1ChbGHrI,Om,"Yoga Music Collection ""Blissfull Mantras & Prayers""",Jane Winther,,,,
3WfkE9amugY,Om Mani Padme Hum,Om Mani Padme Hum,Lincoln Jesser,,,,
ui5ykVAZfV4,Om Mani Padme Hum,Songs of the Earth,Majbritte Ulrikkeholm,Søren Frieboe,,,
o5HumvDuGyY,Om Mani Padme Hum (Cosmic),Om Mani Padme Hum,Imee Ooi,,,,
7vF_3Evufyo,Om Nama Shivaya,Into the Light,Sacred Earth,,,,
YUIkDm3QbKE,Om Shreem Lakshmi (From the Film Samadhi),Inner Worlds Music (Music from the Films Inner Worlds Outer Worlds and Samadhi Parts 1 and 2),Daniel Schmidt,,,,
23Eos6c-MPA,On the Light,Monument,Portico Quartet,,,,
tNideOigKaI,On Your Mind,On Your Mind,Kaskade,,,,
8NphJbinncQ,One Fine Morning,Apocalypse,Bill Callahan,,,,
3n-CcVgKaOA,One Of My Favorite Prayers,Inner World,Dalai Lama,,,,
1GmEkqM0LaU,Only Man She Want,Only Man She Want,Popcaan,,,,
7DqAMzRgjaA,Open Eye Signal,Open Eye Signal (Remixes),Jon Hopkins,,,,
JdnHyaBHwW4,Opening,Monument,Portico Quartet,,,,
J6eOAleDKGA,Oração de São Francisco de Assis,Oração de São Francisco de Assis,Alexandre Lora,Joyce Cândido,Guima Granato,,
pgOF6_R-BXc,Organization & Classification,ARDIPITHECUS,WILLOW,,,,
f6ZTj5La9Bo,Other Side Of The Sky,Angel's Egg (Deluxe Edition),Gong,,,,
EqB2sJUjv9s,Otorongo (Live),Poranguí (Live),Poranguí,,,,
pLnJb-lwPI0,Otorongo (Mose Remix),Otorongo (Mose Remix),Poranguí,,,,
7I44CWVJWo0,Oulan Bator (Oliver Koletzki Remix),"Hungry Music Remix, Vol. 1",Joachim Pastor,,,,
V96Axv4ZgWo,Out Of Control,隐藏菜单,和平饭店,,,,
sP_rgz3LRgg,Out Of Reach,Out Of Reach,Cristoph,Yotto,Sansa,,
L_8xUtiNOhM,Outter Space,In The Real World,Alex Serra,,,,
q_O7yzxt6r0,Oxum (Live),Poranguí: Guided Journey (Live),Poranguí,Ashley Klein,,,
rVfpvsfGfuk,Paraga,Paraga,Rey&Kjavik,,,,
J1XrEpIVEpY,Parfum thérémine,Odyssée - EP,L'Impératrice,,,,
Kwwq81CXhkU,Peaceful Being,Sadhana,Maneesh de Moor,,,,
YLA333AIhas,Petrichor,Petrichor,Jacob's Piano,,,,
nyQfSlhE87M,Philadelphia,The Dream,alt-J,,,,
ywSDnjiTlRU,Phoenix,Mana,Yatao,Malte Marten,Alexander Mercks,,
_W88TzliCvg,Pismo Ceniza,Transborda,Yeahman,,,,
" -R1drDULvCg",Planet,New Energy,Four Tet,,,,
PQ-V_4SAqfM,Polymar C,A Polymar Compendium,Kelpe,,,,
zU9f8NYy9uc,PP1,2000 - 2004,Frakkur,,,,
sMSIbq7NRaw,Prayer to Ganaysh,Prayers,Meenakshi,,,,
g0-w_b9JIsQ,Prospect (Mixed),Anjunadeep 10,Nox Vahn,Marsh,,,
Fe3DgEUIdBU,Proxima Centauri,Selected Modular Works II,State Azure,,,,
kn4opV-fglk,Pure Desire feat. Ellie Lust,Pure Desire,Narcisse (Mex),Ellie Lust,,,
npSIEgH_k_I,祈祷,"""爱像一首歌""",蔡琴,,,,
HWWyn_AxF9k,Quantum Leap,Quantum Leap EP,Booka Shade,,,,
5llSLPwCCw0,Queendom,万妮达,万妮达,,,,
00MFb5-BqPc,Quemada,Transborda,Yeahman,,,,
q7HU5yENvBU,quiescent,quiescent,Baton,,,,
8fzFxcQVZ_s,RANDOMSONG,ARDIPITHECUS,WILLOW,,,,
YE5hTDAvVuk,Reach Us,Moon Monsoon,Moon Monsoon,,,,
cS1wL7CK5VQ,Really Deep Snow,Really Deep Snow,Lindstrøm,,,,
1zufHvgsguU,Reborn (Lemon And Soul & Shiri Shahar Remix),Chrysalis (Remixes),Jakare,,,,
iR7V60xvbyg,Reflect,Reflect,Max Cooper,,,,
ECgvsqWZDA8,Remember,From the Silence,Omkara,,,,
6OlNn05-oVw,Reservoir (Acoustic),Ceremonia,YAIMA,,,,
p_kWZ1FYQFI,Rest,Rest,Jungle Kitchen,Pao Pamaki,Shamanic Catharsis,Baptiste Sejourne,Mauricio vicencio
7UMxBclOguA,Return of the Bird Tribes,Myth of the Cave,Deya Dova,,,,
Ma-Oj6Cvo4o,Revel,Earth Trilogy - Two,YAIMA,,,,
KKd0eVQ5X_4,Revolution 909,Homework,Daft Punk,,,,
Aexk9yV3oqg,Revolving Dimensions,Ineffababblin',Infinati,,,,
admmPKa6lok,Reykjavik,Reykjavik,Joachim Pastor,,,,
vgl8RxtuZFg,Rilassamento Profondo,Yoga e Meditazione - La Miglior Musica Rilassante per lo Zen Interiore con Suoni della Natura,Musica Rilassante Relax,Zen Zazen,,,
DHEUfim8olU,RISE [Darius Remix],RISE (Darius Remix),Darius,Benny Sings,,,
KFAFOpdXzbs,Riser,Gift from the Trees,Mammal Hands,,,,
wplowchs52U,Rkadash,Rkadash,Rey&Kjavik,,,,
9iUzheZ95Dc,Run Outs,Bring Backs,Alfa Mist,,,,
25bpzL2MJRY,Rwanda,Skyforest,Nora Van Elken,,,,
QYHCRy8dOwA,Sachamama,Ayahuasca (Original Motion Picture Soundtrack),Poranguí,Eric Zang,,,
DFiTLHO7MhI,Sacred Spirit,Beyond My Senses,Golga Nesh,,,,
lszGIN4TYUs,Samaúma (Liquid Bloom & Bloomurian Remix),Samaúma (Liquid Bloom & Bloomurian Remix),Poranguí,,,,
sFI1fKNN85o,Sanación Mágica Chamánica,Sanación Mágica Chamánica,Ivan Namasté,,,,
wwRm5RrB2Rk,Satvha II,Satvha II,Ricardo Piña,,,,
Y-ybroarRb4,Savasana,Meditations for Transformation: Cycle of Life,Mirabai Ceiba,,,,
3p3H_0olGQA,Schumann 432-1 Root Chakra Breathing,Schumann 432-1 Root Chakra Breathing,369,,,,
3gzu9m5mN18,Send Me,Colourgrade,Tirzah,,,,
_OWS8ecIokk,Serene Mind Practice,Serene Mind Practice,Preethaji,,,,
Qlv-O4wOmCc,Serving others,Compassion,Jane winther,,,,
PbhvENFd4gM,Shadows of the Great Tree,Drops to Oceans,Nadia Simon,Yatao,,,
dBsI-CUfDbk,Shiva Shakti Mantra,Divine Grace Divine,Patrick Bernard,,,,
TCUe9Rs5RXI,Shri Ganeshashtakam,Ganapati,Various Artist,,,,
G6rfPJAsUtY,Siento el espiritu,SPIRIT,Amalua,Tavo Vazquez,,,
pmgxlD820k8,Siete,Siku,尼科拉·克鲁兹,,,,
hHGSd_hm8Zc,Sink into the Floor,Feng Suave,Feng Suave,,,,
kOqgzymxsR8,Siren,Safe in the Steep Cliffs,Emancipator,,,,
3xBQtXOtsRo,Sirio,Sirio,Lemurian,Janax Pacha,,,
NtipeRAbojI,Skanegaten,Beats For Your Feet,Hang Massive,,,,
j9CyyTliLtI,"slow down, its not a race",don't look down,tomcbumpz,,,,
t1F0FDTDB-g,Snake Charmer (Desert Sands Dub),DownTemple Dub: LOST GROOVES,Desert Dwellers,,,,
s2Mb7QTyeS8,Soft Meadow,Six Songs for Invisible Gardens,Green-House,,,,
4_270wo8zqI,Sola Sistim,A Hundred Days Off,Underworld,,,,
wkyxdlpsvG8,Solar,Scorpio Rising,Thunderball,,,,
WCoAndSOF7I,Song of Life,Leftism (Remastered),Leftfield,,,,
KiMrhpssfI0,Song on the Wind,Song on the Wind,Dub Sutra,,,,
tDsXJjNrL4c,Souls and Stars,Signals,The Echelon Effect,,,,
_EO95cE9iuw,Star,ARDIPITHECUS,WILLOW,JABS,,,
I31fqxiV9xM,Stardust (End of Time Remix),Stardust (End of Time Remix),Poranguí,,,,
Yui0e9_cmoo,Stay Awhile,Profound Mysteries III,Röyksopp,Susanne Sundfør,,,
9YLkezFQvbc,Su-Bo's Mental Meltdown,Isla,Portico Quartet,,,,
QRHIrNBGzbc,Subterranean Sanctuary,DownTemple Dub: WAVES,Desert Dwellers,,,,
7VRqSiZmr34,Sukhavati,DownTemple Dub: ROOTS,Desert Dwellers,,,,
dJDiQCXnpL0,Sunmomi,Mr. Money With The Vibe,Asake,,,,
LtieDKyqlzU,Sunset Canyon,Foxwarren,Foxwarren,,,,
KsRTv3wrpQ0,Sunson,All Melody,Nils Frahm,,,,
OSBtAJlTgWs,Synesthesia,Imploding Exponentially,Infinati,,,,
dkS_TrQdvpA,Take Care of You,Sampled Moods,Cherokee,,,,
AdSGzLGeRUs,Take Words In Return (C2 Inst Remix),Take Words In Return,Henrik Schwarz,,,,
PtJ_BmVLCyQ,Talisman,Encores 2,Nils Frahm,,,,
2O48i_T-_PY,Templo de Amor,Templo de Amor,Xuqutopi,Khandro,,,
IxXDBzfzTg0,The Beast,Nerissimo,Teho Teardo,Blixa Bargeld,,,
xcIsMfH5oqY,The Ding Dong Song,The World of Tsai Chin,Tsai Chin,,,,
_oBN7NN6e6A,The Face of Love: Healing Fire Breath,THE FACE OF LOVE,Liquid Bloom,,,,
xjJpzSqWyVQ,The Finishing,The Ginning,Stavroz,,,,
G7UBEr0TUgg,The Frog's Ritual,The Frog's Ritual,Felix Johansson Carne,,,,
0scHUTqM6Hw,The Invitation,Rituals of Passion,Byron Metcalf,Ari Urban,,,
EGD7SH0mOrg,The Last Saint,Collection,Mario M,,,,
fBVcUAD9Gok,The Passing of Time,Nightcolors,Gregor Tresher,,,,
OD7CO24hSdc,The Power Is Here Now,Just Before I Sleep,Alexia Chellun,,,,
_MSEvFRJ3S4,The Runaround,Aporia,Sufjan Stevens,Lowell Brams,,,
o03IVvEIUqE,The Unforgiven,Unbreakable: Alborosie Meets The Wailers United,Alborosie,Raging Fyah,,,
qdbiTdjy1BA,The Way Things Change,The Way Things Change,Yellow Days,,,,
2YGQCRvon5c,The Wayshower's Melody,Blessed,Dylan John Sparkes,,,,
oXjahkrGksQ,Theme for Ennio,Theme for Ennio,HAUSER,Andrea Morricone,,,
FtNFcP1NhiM,Threshold of Intention,The Shaman's Heart,Byron Metcalf,,,,
0D4V5awe-PA,Tibetan Monks Chantiing Om for Deep Meditation and Spiritual Awakening,Om Chanting – 1 Hour Tibetan Monks Chanting Om Sound of the Universe for Meditation,Tibetan Singing Bells Monks,,,,
lVZGDSD4p_8,Time Is the Music Planets Make,An Analog Guy in a Digital World,Martin Roth,,,,
bRVIMymQODc,Time Machine,WILLOW,WILLOW,,,,
na9tL8PHH0I,Tioga Pass,Marching Band / Tioga Pass,Yussef Dayes,Rocco Palladino,,,
rLd91Hz8l_A,Tonantzin (Live),Poranguí: Guided Journey (Live),Poranguí,Ashley Klein,,,
Y9SNXb3ucqQ,Toubilla (Walkerji Remix),Hymn of the Dreamers (Remixed),Jungle Kitchen,Ninka Nassif,,,
_XRYUaI0zhQ,Touch me & die,Aftertouches,Kara-Lis Coverdale,,,,
M4paQzIlrus,Traveling Through Eternity,Traveling Through Eternity,Alexandre Lora,,,,
g9C4-EHIlog,Two Moons Under,All That Must Be,George FitzGerald,,,,
vwM4UUCOW70,ufo shopping,comfortable silence,tomcbumpz,,,,
SLRRF9K63OU,Unity,Drops to Oceans,Yatao,,,,
jf2zYIwyAls,Universo De Amor,Ahuahueya,Herbert Quinteros,,,,
vfCCysdzK4I,Veils of the Dervish,Rituals of Passion,Byron Metcalf,Ari Urban,,,
MFWO0yvHRVU,Venera,Venera,George FitzGerald,,,,
KpGSIatpr4A,Vessel,Insides,Jon Hopkins,,,,
x2GgjshF-dg,Vind (Max Cooper Remix),Mare Reworks,Christian Löffler,,,,
3eGf4PPz06c,Voices,Lonely Planet,Tornado Wallace,,,,
1Xfdjqa5dfY,Wait a Minute!,ARDIPITHECUS,WILLOW,,,,
7DFm99EdB3Q,WAIYA,WAIYA,万妮达,,,,
3OfTyBVhzwo,Warm Data,Monument,Portico Quartet,,,,
mPfFIlHjC6o,Watch it Flow,Watch it Flow,Mose,ELIH,,,
oD0fnIUXJec,Watermelon Wormhole,Reviver,Lane 8,,,,
HBDtQaRkPgU,Waves Of Preparation,Adventures in Synaptic Exploration,Byron Metcalf,,,,
gMx2E7aniPM,Way Star,In Motion: Modern Progressive Group Sounds,Rubba,De Wolfe Music,,,
GWj6RQyxBBM,We Are Truth,Ram Dass,East Forest,Ram Dass,,,
lTGjFpjOIP8,Weather Storm,Protection,Massive Attack,Craig Armstrong,,,
i3WsJmaOqT0,Whispers in the Wind,Whispers in the Wind,ALEX DAV,,,,
JpuckItol24,White Tara Mariri,Sama,Maneesh de Moor,,,,
PoLdUi7Ujto,White Witch,Shaman's Paths,Dino Sabatini,,,,
1RycsgUMNJs,Wisdom of the Invisible,Silent Voices,Ayla Schafer,,,,
9H3yftW5oPY,Woddow,Uberbois,Marek Bois,,,,
IXaMF4FqIkM,Words,This Empty Northern Hemisphere,Gregory Alan Isakov,,,,
R9rG8ADuuRI,Woven Ancestry,Human,Max Cooper,,,,
FoYlfcQb7Qw,Written in the Wind,Ovo,YAIMA,,,,
beErPfNYUOI,Written in the Wind (Revisioned),Moongate,YAIMA,,,,
IK3Xb0hlDc8,Yamaha,Yamaha,Aleksandir,,,,
vwWS_j1F1mw,York,York,Christian Löffler,,,,
2e8x3fFZP3Q,You & I,Intimate Fonk,Dabeull,Holybrune,,,
ImJOIfnp_Dk,You May Be Blue,To Find Me Gone,Vetiver,,,,
Rqzg2RQDh3A,你的眼神,民歌蔡琴,蔡琴,,,,
LugNl8TDwqU,Your Young Voice,Diamond Mine,King Creosote,Jon Hopkins,,,
B-FWhcNvNhA,Youth,Next Stop,Portico Quartet,,,,
9Y1e7pgAQcA,ディアブロ,トライアスロン,水曜日のカンパネラ,,,,